[{"date":"2016.02.13 17:58:35","name":"跑步訓練","url":"/calendar/workout/13810","category":0,"index":0.2,"elapsed":226,"distance":0.7,"rate":10.7933,"ratio":[{"value":11},{"value":0},{"value":0},{"value":0},{"value":0},{"value":0}]},{"date":"2016.03.05 17:25:55","name":"跑步訓練","url":"/calendar/workout/13811","category":0,"index":2.6,"elapsed":1707,"distance":5,"rate":10.5652,"ratio":[{"value":0},{"value":0},{"value":0},{"value":0},{"value":0},{"value":0}]},{"date":"2016.02.18 10:07:19","name":"跑步訓練","url":"/calendar/workout/13812","category":0,"index":24.1,"elapsed":5439,"distance":10.9,"rate":7.19252,"ratio":[{"value":831},{"value":203},{"value":102},{"value":106},{"value":307},{"value":274}]},{"date":"2016.03.02 16:02:41","name":"跑步訓練","url":"/calendar/workout/13813","category":0,"index":4.8,"elapsed":2404,"distance":7.4,"rate":11.0457,"ratio":[{"value":808},{"value":0},{"value":0},{"value":0},{"value":0},{"value":0}]},{"date":"2016.02.22 17:14:14","name":"跑步訓練","url":"/calendar/workout/13814","category":0,"index":6.6,"elapsed":2671,"distance":8.2,"rate":11.0742,"ratio":[{"value":2256},{"value":0},{"value":0},{"value":0},{"value":0},{"value":0}]},{"date":"2016.02.19 17:31:41","name":"跑步訓練","url":"/calendar/workout/13815","category":0,"index":27.2,"elapsed":3782,"distance":11.6,"rate":11.0092,"ratio":[{"value":1736},{"value":643},{"value":90},{"value":599},{"value":328},{"value":16}]},{"date":"2016.02.13 18:03:28","name":"跑步訓練","url":"/calendar/workout/13816","category":0,"index":23,"elapsed":3601,"distance":11.8,"rate":11.7647,"ratio":[{"value":723},{"value":2756},{"value":12},{"value":0},{"value":0},{"value":0}]},{"date":"2016.02.24 16:18:42","name":"跑步訓練","url":"/calendar/workout/13817","category":0,"index":31.4,"elapsed":4247,"distance":14.2,"rate":12.0192,"ratio":[{"value":1576},{"value":1208},{"value":275},{"value":465},{"value":288},{"value":0}]},{"date":"2016.02.21 16:50:26","name":"跑步訓練","url":"/calendar/workout/13818","category":0,"index":32.2,"elapsed":4201,"distance":13.9,"rate":11.9237,"ratio":[{"value":1583},{"value":881},{"value":259},{"value":568},{"value":0},{"value":330}]},{"date":"2016.03.03 16:13:00","name":"T8*4+OT1k*4 ","url":"/calendar/workout/13819","category":0,"index":41.1,"elapsed":5495,"distance":18.6,"rate":12.1704,"ratio":[{"value":1996},{"value":981},{"value":1097},{"value":889},{"value":41},{"value":51}]},{"date":"2016.02.29 16:31:27","name":"M25*2","url":"/calendar/workout/13820","category":0,"index":43,"elapsed":4329,"distance":15.3,"rate":12.6904,"ratio":[{"value":438},{"value":1469},{"value":1353},{"value":679},{"value":160},{"value":0}]},{"date":"2016.02.15 17:35:31","name":"跑步訓練","url":"/calendar/workout/13821","category":0,"index":35.9,"elapsed":4869,"distance":16.2,"rate":11.9474,"ratio":[{"value":1867},{"value":760},{"value":524},{"value":1303},{"value":16},{"value":0}]},{"date":"2016.02.07 16:47:35","name":"跑步訓練","url":"/calendar/workout/13822","category":0,"index":21,"elapsed":2285,"distance":7.9,"rate":12.366,"ratio":[{"value":447},{"value":867},{"value":97},{"value":809},{"value":8},{"value":33}]},{"date":"2016.02.11 17:09:07","name":"跑步訓練","url":"/calendar/workout/13823","category":0,"index":34.3,"elapsed":5051,"distance":16.9,"rate":12.0555,"ratio":[{"value":1627},{"value":1075},{"value":325},{"value":945},{"value":45},{"value":72}]},{"date":"2016.02.16 17:48:57","name":"跑步訓練","url":"/calendar/workout/13824","category":0,"index":29.8,"elapsed":3603,"distance":13.3,"rate":13.3067,"ratio":[{"value":505},{"value":1792},{"value":1188},{"value":78},{"value":0},{"value":0}]},{"date":"2016.02.09 17:06:53","name":"跑步訓練","url":"/calendar/workout/13825","category":0,"index":42.4,"elapsed":4803,"distance":16.8,"rate":12.5892,"ratio":[{"value":473},{"value":3102},{"value":609},{"value":294},{"value":281},{"value":0}]},{"date":"2016.03.10 17:33:50","name":"E15+M40","url":"/calendar/workout/13826","category":0,"index":22.7,"elapsed":3463,"distance":12.9,"rate":13.3988,"ratio":[{"value":781},{"value":1722},{"value":693},{"value":4},{"value":0},{"value":0}]},{"date":"2016.02.26 09:31:17","name":"跑步訓練","url":"/calendar/workout/13827","category":0,"index":0.4,"elapsed":1204,"distance":4,"rate":12.024,"ratio":[{"value":0},{"value":0},{"value":0},{"value":0},{"value":0},{"value":0}]},{"date":"2016.03.12 09:19:31","name":"跑步訓練","url":"/calendar/workout/13828","category":0,"index":3.4,"elapsed":1646,"distance":5.1,"rate":11.2003,"ratio":[{"value":345},{"value":17},{"value":0},{"value":0},{"value":0},{"value":0}]},{"date":"2016.03.13 09:29:11","name":"跑步訓練","url":"/calendar/workout/13829","category":0,"index":2,"elapsed":657,"distance":2,"rate":11.066,"ratio":[{"value":598},{"value":0},{"value":0},{"value":0},{"value":0},{"value":0}]},{"date":"2016.03.13 16:30:05","name":"跑步訓練","url":"/calendar/workout/13830","category":0,"index":21.6,"elapsed":2644,"distance":9.3,"rate":12.6263,"ratio":[{"value":182},{"value":735},{"value":257},{"value":921},{"value":5},{"value":0}]},{"date":"2016.03.14 17:03:03","name":"E60","url":"/calendar/workout/13831","category":0,"index":13.9,"elapsed":3646,"distance":12.4,"rate":12.2875,"ratio":[{"value":2881},{"value":311},{"value":29},{"value":0},{"value":0},{"value":0}]},{"date":"2016.03.15 08:20:42","name":"跑步訓練","url":"/calendar/workout/13832","category":0,"index":4,"elapsed":1204,"distance":3.8,"rate":11.3144,"ratio":[{"value":1180},{"value":0},{"value":0},{"value":0},{"value":0},{"value":0}]},{"date":"2016.01.24 16:48:56","name":"跑步訓練","url":"/calendar/workout/13833","category":0,"index":29.1,"elapsed":5710,"distance":20,"rate":12.621,"ratio":[{"value":3315},{"value":1879},{"value":0},{"value":0},{"value":0},{"value":0}]},{"date":"2016.01.04 16:34:57","name":"跑步訓練","url":"/calendar/workout/13834","category":0,"index":15.6,"elapsed":3109,"distance":10,"rate":11.592,"ratio":[{"value":2236},{"value":780},{"value":0},{"value":0},{"value":0},{"value":0}]},{"date":"2016.01.07 07:55:27","name":"跑步訓練","url":"/calendar/workout/13835","category":0,"index":23.1,"elapsed":4811,"distance":15.1,"rate":11.308,"ratio":[{"value":3542},{"value":971},{"value":0},{"value":0},{"value":0},{"value":3}]},{"date":"2016.01.13 08:12:02","name":"跑步訓練","url":"/calendar/workout/13836","category":0,"index":21.5,"elapsed":3662,"distance":12.6,"rate":12.3482,"ratio":[{"value":2416},{"value":1088},{"value":158},{"value":0},{"value":0},{"value":0}]},{"date":"2016.01.14 16:43:30","name":"跑步訓練","url":"/calendar/workout/13837","category":0,"index":8.4,"elapsed":1840,"distance":6.3,"rate":12.3635,"ratio":[{"value":1491},{"value":264},{"value":0},{"value":0},{"value":0},{"value":0}]},{"date":"2016.01.17 17:13:31","name":"跑步訓練","url":"/calendar/workout/13838","category":0,"index":6.7,"elapsed":2106,"distance":6.7,"rate":11.4526,"ratio":[{"value":1550},{"value":7},{"value":0},{"value":0},{"value":0},{"value":54}]},{"date":"2016.01.20 09:41:43","name":"跑步訓練","url":"/calendar/workout/13839","category":0,"index":11.9,"elapsed":1699,"distance":5.5,"rate":11.6822,"ratio":[{"value":891},{"value":575},{"value":34},{"value":93},{"value":19},{"value":0}]},{"date":"2016.01.22 07:41:35","name":"跑步訓練","url":"/calendar/workout/13840","category":0,"index":24,"elapsed":3853,"distance":12.9,"rate":12.0749,"ratio":[{"value":1405},{"value":888},{"value":565},{"value":371},{"value":0},{"value":0}]},{"date":"2016.01.28 07:45:40","name":"跑步訓練","url":"/calendar/workout/13841","category":0,"index":25.2,"elapsed":3932,"distance":13.6,"rate":12.4172,"ratio":[{"value":1009},{"value":867},{"value":636},{"value":460},{"value":0},{"value":0}]},{"date":"2016.01.31 07:35:13","name":"跑步訓練","url":"/calendar/workout/13842","category":0,"index":21,"elapsed":4202,"distance":13.8,"rate":11.7901,"ratio":[{"value":2694},{"value":1122},{"value":0},{"value":0},{"value":0},{"value":0}]},{"date":"2016.02.02 08:43:19","name":"跑步訓練","url":"/calendar/workout/13843","category":0,"index":14.4,"elapsed":2117,"distance":6.6,"rate":11.1711,"ratio":[{"value":977},{"value":349},{"value":252},{"value":328},{"value":0},{"value":21}]},{"date":"2016.03.21 17:46:34","name":"跑步訓練","url":"/calendar/workout/13844","category":0,"index":0.8,"elapsed":516,"distance":1.4,"rate":9.50721,"ratio":[{"value":32},{"value":0},{"value":0},{"value":0},{"value":0},{"value":0}]},{"date":"2016.03.21 16:53:19","name":"M12","url":"/calendar/workout/13845","category":0,"index":25.4,"elapsed":3149,"distance":12,"rate":13.7206,"ratio":[{"value":70},{"value":3060},{"value":20},{"value":0},{"value":0},{"value":0}]},{"date":"2016.03.22 08:37:11","name":"M20","url":"/calendar/workout/13846","category":0,"index":9.6,"elapsed":1201,"distance":4.5,"rate":13.465,"ratio":[{"value":44},{"value":1144},{"value":4},{"value":0},{"value":0},{"value":0}]},{"date":"2016.03.22 10:05:29","name":"跑步訓練","url":"/calendar/workout/13847","category":0,"index":2.6,"elapsed":456,"distance":1.2,"rate":9.2707,"ratio":[{"value":261},{"value":146},{"value":43},{"value":6},{"value":0},{"value":0}]},{"date":"2016.03.22 09:34:19","name":"M30","url":"/calendar/workout/13848","category":0,"index":12.8,"elapsed":1801,"distance":6.9,"rate":13.7836,"ratio":[{"value":47},{"value":1614},{"value":111},{"value":0},{"value":0},{"value":0}]},{"date":"2016.03.24 15:05:11","name":"LSD18k(E90)","url":"/calendar/workout/13849","category":0,"index":19.8,"elapsed":5424,"distance":18.4,"rate":12.1902,"ratio":[{"value":5184},{"value":65},{"value":0},{"value":0},{"value":0},{"value":0}]},{"date":"2016.03.26 08:21:43","name":"M10k","url":"/calendar/workout/14062","category":0,"index":23.8,"elapsed":2523,"distance":10,"rate":14.2653,"ratio":[{"value":355},{"value":1486},{"value":428},{"value":36},{"value":11},{"value":0}]},{"date":"2016.03.27 17:19:34","name":"跑步訓練","url":"/calendar/workout/14983","category":0,"index":2.6,"elapsed":1207,"distance":3.5,"rate":10.3288,"ratio":[{"value":693},{"value":0},{"value":0},{"value":0},{"value":0},{"value":0}]},{"date":"2016.03.28 08:15:53","name":"跑步訓練","url":"/calendar/workout/15207","category":0,"index":11.5,"elapsed":1204,"distance":5,"rate":14.9663,"ratio":[{"value":77},{"value":499},{"value":334},{"value":281},{"value":0},{"value":1}]},{"date":"2016.04.01 11:50:28","name":"跑步訓練","url":"/calendar/workout/17907","category":0,"index":4.1,"elapsed":720,"distance":2.7,"rate":13.5349,"ratio":[{"value":196},{"value":134},{"value":13},{"value":144},{"value":0},{"value":0}]},{"date":"2016.04.01 12:04:40","name":"跑步訓練","url":"/calendar/workout/17908","category":0,"index":2.5,"elapsed":526,"distance":1.7,"rate":11.5629,"ratio":[{"value":443},{"value":55},{"value":0},{"value":0},{"value":0},{"value":0}]},{"date":"2016.04.02 17:42:29","name":"跑步訓練","url":"/calendar/workout/18571","category":0,"index":7.6,"elapsed":1816,"distance":6.2,"rate":12.2825,"ratio":[{"value":1348},{"value":301},{"value":0},{"value":0},{"value":0},{"value":0}]},{"date":"2016.04.03 08:11:35","name":"M20+E10","url":"/calendar/workout/18752","category":0,"index":11.8,"elapsed":1834,"distance":6.7,"rate":13.0577,"ratio":[{"value":817},{"value":966},{"value":28},{"value":0},{"value":0},{"value":0}]},{"date":"2016.04.05 11:59:09","name":"跑步訓練","url":"/calendar/workout/19547","category":0,"index":5.6,"elapsed":1202,"distance":4.1,"rate":12.2699,"ratio":[{"value":985},{"value":188},{"value":0},{"value":0},{"value":0},{"value":0}]}]